"","VENTAS_CAT","COD_PERSONA","NUM_CONTRATO","PRODUCTO","IND_MOR","EXPOSURE","EAD_STD","EAD_DT","LGD_STD","LGD_DT","PD_TTC","M"
"1","<= 100",1820230,6.50009000000006e+21,"Mortgage",23,558509.54,558509.54,558509.54,0.35,0.45,0.032,4
"2","<= 100",2187825,6.51242000000002e+21,"Consumer Loan",30,49728.59,49728.59,49728.59,0.35,0.45,0.032,4
"3","<= 100",2896141,6.50067000000001e+21,"Consumer Loan",50,2323.33,2811.23,2323.33,0.35,0.45,0.032,4
"4","<= 100",2896141,6.50067000000001e+21,"Consumer Loan",50,44368.35,53685.7,44368.35,0.35,0.45,0.032,4
"5","<= 100",3654184,6.50032000000002e+21,"Consumer Loan",30,620646.63,620646.63,620646.63,0.35,0.45,0.032,4
"6","<= 100",3654184,6.50032000000002e+21,"Consumer Loan",30,432426.17,432426.17,432426.17,0.35,0.45,0.032,4
"7","<= 100",3654184,6.50032000000006e+21,"Mortgage",30,999868.77,999868.77,999868.77,0.35,0.45,0.032,4
"8","<= 100",4337662,6.50067000004e+21,"Consumer Loan",50,768408.78,768408.78,768408.78,0.35,0.45,0.032,4
"9","<= 100",4746211,6.51148000000002e+21,"Consumer Loan",30,84054.41,84054.41,84054.41,0.35,0.45,0.032,4
"10","<= 100",5022290,6.50315000000006e+21,"Mortgage",23,99723.31,99723.31,99723.31,0.35,0.45,0.032,4
"11","<= 100",5022290,6.50315000000006e+21,"Mortgage",23,170386.56,170386.56,170386.56,0.35,0.45,0.032,4
"12","<= 100",5227437,6.50145e+21,"Consumer Loan",23,1007106.92,1010518.55,1010518.55,0.35,0.45,0.032,4
"13","<= 100",5390850,6.50022000000006e+21,"Mortgage",20,172786.53,172786.53,172786.53,0.35,0.45,0.032,4
"15","<= 100",5544459,6.50067000000002e+21,"Consumer Loan",30,12012086.91,12012086.91,12012086.91,0.35,0.45,0.032,4
"16","<= 100",8647917,6.50062000000006e+21,"Mortgage",23,136990.56,136990.56,136990.56,0.35,0.45,0.032,4
"17","<= 100",8647917,6.50079000000006e+21,"Mortgage",23,1268151.92,1268151.92,1268151.92,0.35,0.45,0.032,4
"19","<= 100",9257519,6.50069e+21,"Consumer Loan",30,521000,521000,521000,0.35,0.45,0.032,4
"20","<= 100",9257519,6.50069e+21,"Consumer Loan",20,244664.92,244664.92,244664.92,0.35,0.45,0.032,4
"21","<= 100",9753486,6.51162000000002e+21,"Consumer Loan",23,284271.09,284271.09,284271.09,0.35,0.45,0.032,4
"22","<= 100",9775935,6.51107000000002e+21,"Consumer Loan",30,97711.76,97711.76,97711.76,0.35,0.45,0.032,4
"23","<= 100",10393900,6.59999458074082e+21,"Credit Card",20,936.57,936.57,936.57,0.35,0.45,0.032,4
"24","<= 100",10393900,6.59999458074082e+21,"Credit Card",20,1598.64,1598.64,1598.64,0.35,0.45,0.032,4
"25","<= 100",10478558,6.50302000000002e+21,"Consumer Loan",30,45088.92,45088.92,45088.92,0.35,0.45,0.032,4
"26","<= 100",10786325,6.59999458074045e+21,"Credit Card",20,37.42,37.42,37.42,0.35,0.45,0.032,4
"27","<= 100",11037423,6.50031000000002e+21,"Consumer Loan",30,138367.7,138367.7,138367.7,0.35,0.45,0.032,4
"28","<= 100",11083441,6.50051000000006e+21,"Mortgage",30,370075.73,370075.73,370075.73,0.35,0.45,0.032,4
"29","<= 100",11083441,6.50051000000006e+21,"Mortgage",30,2915209.95,2915209.95,2915209.95,0.35,0.45,0.032,4
"30","<= 100",11344172,6.50032000000002e+21,"Consumer Loan",30,69430.91,69430.91,69430.91,0.35,0.45,0.032,4
"32","<= 100",11606932,6.51630000000002e+21,"Consumer Loan",23,768801.2,768801.2,768801.2,0.35,0.45,0.032,4
"33","<= 100",11892552,6.50050000000006e+21,"Mortgage",23,172486.18,172486.18,172486.18,0.35,0.45,0.032,4
"34","<= 100",11892552,6.50050000000006e+21,"Mortgage",23,1181910.61,1181910.61,1181910.61,0.35,0.45,0.032,4
"35","<= 100",11892552,6.50050000000006e+21,"Mortgage",23,385600.78,385600.78,385600.78,0.35,0.45,0.032,4
"36","<= 100",11911646,6.50211000000002e+21,"Consumer Loan",30,80286.43,80286.43,80286.43,0.35,0.45,0.032,4
"37","<= 100",11986522,6.51382000000002e+21,"Consumer Loan",23,45280.08,45280.08,45280.08,0.35,0.45,0.032,4
"38","<= 100",12090239,6.5126e+21,"Consumer Loan",23,56728.21,56728.21,56728.21,0.35,0.45,0.032,4
"42","<= 100",12187275,6.51058000000002e+21,"Consumer Loan",24,368900.15,368900.15,368900.15,0.35,0.45,0.032,4
"43","<= 100",12187275,6.51058000000002e+21,"Consumer Loan",26,322195.99,322195.99,322195.99,0.35,0.45,0.032,4
"44","<= 100",12187275,6.51058000000002e+21,"Consumer Loan",26,2857407.92,2857407.92,2857407.92,0.35,0.45,0.032,4
"45","<= 100",12452238,6.51108000000002e+21,"Consumer Loan",23,218984.2,218984.2,218984.2,0.35,0.45,0.032,4
"46","<= 100",12521256,6.50019e+21,"Consumer Loan",23,107334.57,108733.1,108733.1,0.35,0.45,0.032,4
"47","<= 100",12521256,6.50019e+21,"Consumer Loan",23,174785.54,175068.1,175068.1,0.35,0.45,0.032,4
"48","<= 100",12586412,6.50003000000006e+21,"Mortgage",23,248507.86,248507.86,248507.86,0.35,0.45,0.032,4
"49","<= 100",12586412,6.50124000000006e+21,"Mortgage",23,171585.87,171585.87,171585.87,0.35,0.45,0.032,4
"50","<= 100",12619795,6.50065000000006e+21,"Mortgage",20,227112.35,227112.35,227112.35,0.35,0.45,0.032,4
"51","<= 100",12619795,6.50065000000006e+21,"Mortgage",20,330877.69,330877.69,330877.69,0.35,0.45,0.032,4
"52","<= 100",12637988,6.50146000000002e+21,"Consumer Loan",20,122441.86,122441.86,122441.86,0.35,0.45,0.032,4
"53","<= 100",12649120,6.50020000000201e+21,"Lease",20,597594.13,597594.13,597594.13,0.35,0.45,0.032,4
"54","<= 100",12726257,6.51058000000002e+21,"Consumer Loan",24,221439.27,221439.27,221439.27,0.35,0.45,0.032,4
"55","<= 100",12743054,6.50140000000006e+21,"Mortgage",23,284592.73,284592.73,284592.73,0.35,0.45,0.032,4
"56","<= 100",12865575,6.50211000000002e+21,"Consumer Loan",30,895.18,895.18,895.18,0.35,0.45,0.032,4
"57","<= 100",13046608,6.51279e+21,"Consumer Loan",30,48596.42,48596.42,48596.42,0.35,0.45,0.032,4
"58","<= 100",13087606,6.51248000000002e+21,"Consumer Loan",30,84612.6,84612.6,84612.6,0.35,0.45,0.032,4
"59","<= 100",13087606,6.51248000000002e+21,"Consumer Loan",30,367080.29,367080.29,367080.29,0.35,0.45,0.032,4
"60","<= 100",13094726,6.50046000000002e+21,"Consumer Loan",23,54671.97,54671.97,54671.97,0.35,0.45,0.032,4
"61","<= 100",13094726,6.59999458074055e+21,"Credit Card",23,2949.83,3000,3000,0.35,0.45,0.032,4
"62","<= 100",13094726,6.59999458074108e+21,"Credit Card",23,2962.2,3000,3000,0.35,0.45,0.032,4
"63","<= 100",13095488,6.50184000000002e+21,"Consumer Loan",23,2306423.12,2306423.12,2306423.12,0.35,0.45,0.032,4
"64",">250",13101889,6.50067000000001e+21,"Consumer Loan",23,1514895.38,1516726.79,1516726.79,0.25,0.3,0.064,4
"65","<= 100",13411608,6.50034000000002e+21,"Consumer Loan",23,631563.76,631563.76,631563.76,0.35,0.45,0.032,4
"66","<= 100",13411608,6.50034000000341e+21,"Lease",23,45521.99,45521.99,45521.99,0.35,0.45,0.032,4
"67","<= 100",13411608,6.50034000000341e+21,"Lease",23,45521.99,45521.99,45521.99,0.35,0.45,0.032,4
"68","<= 100",13411608,6.50034000000341e+21,"Lease",23,877201.55,877201.55,877201.55,0.35,0.45,0.032,4
"69","<= 100",13535447,6.50257000000006e+21,"Mortgage",30,47017.28,47017.28,47017.28,0.35,0.45,0.032,4
"70","<= 100",13644122,6.50105000000002e+21,"Consumer Loan",23,378756.97,378756.97,378756.97,0.35,0.45,0.032,4
"71","<= 100",13715178,6.51094e+21,"Consumer Loan",23,250499.18,250557.52,250557.52,0.35,0.45,0.032,4
"72","<= 100",13715178,6.51094000000002e+21,"Consumer Loan",23,212737.02,212737.02,212737.02,0.35,0.45,0.032,4
"73","<= 100",13779931,6.50205e+21,"Consumer Loan",20,1456301.7,1456301.7,1456301.7,0.35,0.45,0.032,4
"74","<= 100",13779931,6.50205000000002e+21,"Consumer Loan",20,35705.38,35705.38,35705.38,0.35,0.45,0.032,4
"75","<= 100",13938789,6.5119e+21,"Consumer Loan",20,419228.14,419228.14,419228.14,0.35,0.45,0.032,4
"76","(100, 250]",13985051,6.59999458074163e+21,"Credit Card",23,225.83,6000,6000,0.3,0.4,0.064,4
"77",">250",14001284,6.50142000000006e+21,"Mortgage",23,69259.8,69259.8,69259.8,0.25,0.3,0.064,4
"78","<= 100",14101637,6.50293e+21,"Consumer Loan",30,150876.03,150876.03,150876.03,0.35,0.45,0.032,4
"79","<= 100",14221209,6.50156000000002e+21,"Consumer Loan",24,50000,50000,50000,0.35,0.45,0.032,4
"80","<= 100",14221209,6.50156000000006e+21,"Mortgage",23,392682.73,392682.73,392682.73,0.35,0.45,0.032,4
"81","<= 100",14406128,6.51394000000006e+21,"Mortgage",30,459550.19,459550.19,459550.19,0.35,0.45,0.032,4
"82","<= 100",15069559,6.50134e+21,"Consumer Loan",30,12119733.23,12119733.23,12119733.23,0.35,0.45,0.032,4
"83","<= 100",15069559,6.50134000000006e+21,"Mortgage",23,2926237,2926237,2926237,0.35,0.45,0.032,4
"84","<= 100",15102475,6.50025000000006e+21,"Mortgage",23,95776.02,95776.02,95776.02,0.35,0.45,0.032,4
"85","<= 100",15102475,6.50025000000006e+21,"Mortgage",23,25199.29,25199.29,25199.29,0.35,0.45,0.032,4
"86","<= 100",15384136,6.50132e+21,"Consumer Loan",30,241292.17,241292.17,241292.17,0.35,0.45,0.032,4
"87","<= 100",15384136,6.50132e+21,"Consumer Loan",30,452480.77,452480.77,452480.77,0.35,0.45,0.032,4
"88","<= 100",15384136,6.50132000001321e+21,"Lease",30,4611,4611,4611,0.35,0.45,0.032,4
"89","<= 100",15520110,6.50114000000006e+21,"Consumer Loan",30,3391.17,3391.17,3391.17,0.35,0.45,0.032,4
"90","<= 100",15693481,6.50157000000002e+21,"Consumer Loan",30,259284.3,259284.3,259284.3,0.35,0.45,0.032,4
"91","<= 100",15733548,6.50145e+21,"Consumer Loan",30,1730128.12,1730128.12,1730128.12,0.35,0.45,0.032,4
"92","<= 100",15733548,6.50145000000006e+21,"Mortgage",30,546688.53,546688.53,546688.53,0.35,0.45,0.032,4
"93","<= 100",15733548,6.50145000000006e+21,"Mortgage",30,228719.03,228719.03,228719.03,0.35,0.45,0.032,4
"94","<= 100",15739694,6.50310000000006e+21,"Mortgage",23,1856104.85,1856104.85,1856104.85,0.35,0.45,0.032,4
"95","<= 100",15803627,6.50198e+21,"Consumer Loan",23,74924.08,75253.6,75253.6,0.35,0.45,0.032,4
"96","<= 100",15828891,6.50145e+21,"Consumer Loan",30,408451.64,408451.64,408451.64,0.35,0.45,0.032,4
"98","<= 100",15828891,6.50145000001451e+21,"Lease",20,5538.65,5538.65,5538.65,0.35,0.45,0.032,4
"99","<= 100",15918432,6.51011000000006e+21,"Mortgage",30,1090514.91,1090514.91,1090514.91,0.35,0.45,0.032,4
"100","<= 100",15922888,6.50313000000006e+21,"Mortgage",23,39457.77,39457.77,39457.77,0.35,0.45,0.032,4
"101","<= 100",15922888,6.50313000000006e+21,"Mortgage",23,46479.8,46479.8,46479.8,0.35,0.45,0.032,4
"102","<= 100",15922888,6.50313000000006e+21,"Mortgage",23,66546.33,66546.33,66546.33,0.35,0.45,0.032,4
"103","<= 100",15924149,6.51011000000006e+21,"Mortgage",30,1421756.87,1421756.87,1421756.87,0.35,0.45,0.032,4
"104","<= 100",15924149,6.51011000000006e+21,"Mortgage",30,1090514.91,1090514.91,1090514.91,0.35,0.45,0.032,4
"105","<= 100",15928322,6.50312000000002e+21,"Consumer Loan",20,133658.56,133658.56,133658.56,0.35,0.45,0.032,4
"106","<= 100",15934829,6.51092e+21,"Consumer Loan",23,347212.23,347871.74,347871.74,0.35,0.45,0.032,4
"107","<= 100",15999335,6.50145000000002e+21,"Consumer Loan",20,4089867.27,4089867.27,4089867.27,0.35,0.45,0.032,4
"108","<= 100",15999335,6.50145000000006e+21,"Mortgage",20,2340692.81,2340692.81,2340692.81,0.35,0.45,0.032,4
"109","<= 100",16007506,6.50310000000006e+21,"Mortgage",23,215480.84,215480.84,215480.84,0.35,0.45,0.032,4
"110","<= 100",16046005,6.50065000000002e+21,"Consumer Loan",30,16868.45,16868.45,16868.45,0.35,0.45,0.032,4
"111","<= 100",16067673,6.5001e+21,"Consumer Loan",30,2119541.46,2119541.46,2119541.46,0.35,0.45,0.032,4
"112","<= 100",16084195,6.50085000000006e+21,"Mortgage",20,293112.42,293112.42,293112.42,0.35,0.45,0.032,4
"113","<= 100",16084195,6.50210000000006e+21,"Mortgage",20,870643.75,870643.75,870643.75,0.35,0.45,0.032,4
"114","<= 100",16109740,6.59999458074084e+21,"Credit Card",40,121,121,121,0.35,0.45,0.032,4
"115","<= 100",16176545,6.50067000000002e+21,"Consumer Loan",23,546153,546153,546153,0.35,0.45,0.032,4
"116","<= 100",16176545,6.50067000000002e+21,"Consumer Loan",23,3037153.33,3037153.33,3037153.33,0.35,0.45,0.032,4
"117","<= 100",16196562,6.50030000000006e+21,"Mortgage",30,1590347.89,1590347.89,1590347.89,0.35,0.45,0.032,4
"118","<= 100",16210816,6.51037e+21,"Consumer Loan",23,803590.19,803590.19,803590.19,0.35,0.45,0.032,4
"119","<= 100",16222865,6.50067000000002e+21,"Consumer Loan",30,499585.44,499585.44,499585.44,0.35,0.45,0.032,4
"120","<= 100",16222954,6.50021000000006e+21,"Mortgage",30,833858.2,833858.2,833858.2,0.35,0.45,0.032,4
"121","<= 100",16222954,6.50021000000006e+21,"Mortgage",30,3026715.15,3026715.15,3026715.15,0.35,0.45,0.032,4
"122","<= 100",16249333,6.50145000000006e+21,"Mortgage",30,1635144.81,1635144.81,1635144.81,0.35,0.45,0.032,4
"123","<= 100",16252160,6.50205000000002e+21,"Consumer Loan",23,752352.29,752352.29,752352.29,0.35,0.45,0.032,4
"124","<= 100",17010179,6.51160000000002e+21,"Consumer Loan",30,12552.32,12552.32,12552.32,0.35,0.45,0.032,4
"125","<= 100",17010861,6.50057000000002e+21,"Consumer Loan",30,179601.52,179601.52,179601.52,0.35,0.45,0.032,4
"126","<= 100",17015502,6.50064e+21,"Consumer Loan",30,1785389.41,1785389.41,1785389.41,0.35,0.45,0.032,4
"127","<= 100",17029503,6.51575000000002e+21,"Consumer Loan",23,17660.87,17660.87,17660.87,0.35,0.45,0.032,4
"128","<= 100",17029503,6.51575000000006e+21,"Mortgage",23,883553.41,883553.41,883553.41,0.35,0.45,0.032,4
"129","<= 100",17061199,6.51195000000006e+21,"Mortgage",30,1593185.63,1593185.63,1593185.63,0.35,0.45,0.032,4
"130","<= 100",17061199,6.51195000011951e+21,"Lease",30,38399.61,38399.61,38399.61,0.35,0.45,0.032,4
"131","<= 100",17075874,6.51023000010231e+21,"Lease",20,3670.14,3670.14,3670.14,0.35,0.45,0.032,4
"132","<= 100",17093945,6.50184000000002e+21,"Consumer Loan",30,5949.98,5949.98,5949.98,0.35,0.45,0.032,4
"133","<= 100",17108683,6.51535000000002e+21,"Consumer Loan",20,89599.65,89599.65,89599.65,0.35,0.45,0.032,4
"135","<= 100",17131162,6.50169000000006e+21,"Mortgage",23,17509237.612,19960530.88,17509237.612,0.35,0.45,0.032,4
"136","<= 100",17158605,6.51551000000002e+21,"Consumer Loan",20,6184.97,6184.97,6184.97,0.35,0.45,0.032,4
"137","<= 100",17165210,6.50030000000006e+21,"Mortgage",30,1590347.89,1590347.89,1590347.89,0.35,0.45,0.032,4
"138","<= 100",17173671,6.50148000000006e+21,"Mortgage",30,677317.94,677317.94,677317.94,0.35,0.45,0.032,4
"139","<= 100",17177847,6.51083000010831e+21,"Lease",23,4105.25,4105.25,4105.25,0.35,0.45,0.032,4
"140","<= 100",17177847,6.51083000010831e+21,"Lease",23,13138.02,13138.02,13138.02,0.35,0.45,0.032,4
"141","<= 100",17186129,6.51098e+21,"Consumer Loan",20,206.69,206.69,206.69,0.35,0.45,0.032,4
"142","<= 100",17186129,6.51098000000002e+21,"Consumer Loan",23,267348.85,267348.85,267348.85,0.35,0.45,0.032,4
"143","<= 100",17186307,6.51351000013511e+21,"Lease",30,38830.9,38830.9,38830.9,0.35,0.45,0.032,4
"144","<= 100",17196086,6.51054000000002e+21,"Consumer Loan",23,63943.86,63943.86,63943.86,0.35,0.45,0.032,4
"145","<= 100",17196086,6.51054000000006e+21,"Mortgage",23,1190641.59,1190641.59,1190641.59,0.35,0.45,0.032,4
"146","<= 100",17219855,6.51113000011131e+21,"Lease",20,12288.68,12288.68,12288.68,0.35,0.45,0.032,4
"147","<= 100",17219855,6.51113000011131e+21,"Lease",20,12749.77,12749.77,12749.77,0.35,0.45,0.032,4
"148","<= 100",17219855,6.51113000011131e+21,"Lease",20,25754.92,25754.92,25754.92,0.35,0.45,0.032,4
"149","<= 100",17227477,6.51319000013191e+21,"Lease",20,244.17,244.17,244.17,0.35,0.45,0.032,4
"150","<= 100",17229006,6.51075000000002e+21,"Consumer Loan",30,61734.17,61734.17,61734.17,0.35,0.45,0.032,4
"151","<= 100",17229006,6.51075000000002e+21,"Consumer Loan",30,544674.62,544674.62,544674.62,0.35,0.45,0.032,4
"152","<= 100",17229006,6.51075000010751e+21,"Lease",30,61250.37,61250.37,61250.37,0.35,0.45,0.032,4
"153","<= 100",17236363,6.51311000000002e+21,"Consumer Loan",23,41544.78,41544.78,41544.78,0.35,0.45,0.032,4
"154","<= 100",17250706,6.51166000000002e+21,"Consumer Loan",50,23218.46,23218.46,23218.46,0.35,0.45,0.032,4
"155","<= 100",17250706,6.51166000000002e+21,"Consumer Loan",50,10171.39,10171.39,10171.39,0.35,0.45,0.032,4
"156","<= 100",17253829,6.50067000000002e+21,"Consumer Loan",23,948175.1,948175.1,948175.1,0.35,0.45,0.032,4
"157","<= 100",17256291,6.51353000000002e+21,"Consumer Loan",50,21841.96,21841.96,21841.96,0.35,0.45,0.032,4
"158","<= 100",17262429,6.50156000000002e+21,"Consumer Loan",30,26604.7,26604.7,26604.7,0.35,0.45,0.032,4
"159","<= 100",17269253,6.51278e+21,"Consumer Loan",23,66021.64,69362.22,69362.22,0.35,0.45,0.032,4
"160","<= 100",17282255,6.51387000000002e+21,"Consumer Loan",30,4263.29,4263.29,4263.29,0.35,0.45,0.032,4
"161","<= 100",17286336,6.51527e+21,"Consumer Loan",50,41851.44,41851.44,41851.44,0.35,0.45,0.032,4
"162","<= 100",17286336,6.51527000015271e+21,"Lease",30,4966.66,4966.66,4966.66,0.35,0.45,0.032,4
"163","<= 100",17289199,6.51521000000002e+21,"Consumer Loan",23,614030.38,614030.38,614030.38,0.35,0.45,0.032,4
"164","<= 100",17296072,6.50024000000002e+21,"Consumer Loan",20,56407.25,56407.25,56407.25,0.35,0.45,0.032,4
"165","<= 100",17300819,6.51242000012421e+21,"Lease",23,370550.16,370550.16,370550.16,0.35,0.45,0.032,4
"166","<= 100",17302161,6.51242000000002e+21,"Consumer Loan",30,50307.84,50307.84,50307.84,0.35,0.45,0.032,4
"167","<= 100",17364377,6.51353000000002e+21,"Consumer Loan",30,8230.27,8230.27,8230.27,0.35,0.45,0.032,4
"169","<= 100",17373638,6.51371000013711e+21,"Lease",30,38769.69,38769.69,38769.69,0.35,0.45,0.032,4
"170","<= 100",17377641,6.50180000001801e+21,"Lease",30,49726.09,49726.09,49726.09,0.35,0.45,0.032,4
"171","<= 100",17384192,6.51102000000002e+21,"Consumer Loan",50,8611.15,8611.15,8611.15,0.35,0.45,0.032,4
"172","<= 100",17393884,6.51187000000002e+21,"Consumer Loan",30,44645.81,44645.81,44645.81,0.35,0.45,0.032,4
"173","<= 100",17393884,6.51187000011871e+21,"Lease",30,15556.18,15556.18,15556.18,0.35,0.45,0.032,4
"174","<= 100",17404460,6.50134e+21,"Consumer Loan",30,2441576.94,2441576.94,2441576.94,0.35,0.45,0.032,4
"175","<= 100",17416396,6.50020000000002e+21,"Consumer Loan",23,31088.27,31088.27,31088.27,0.35,0.45,0.032,4
"176","<= 100",17436303,6.51125000011251e+21,"Lease",30,4090.73,4090.73,4090.73,0.35,0.45,0.032,4
"178","<= 100",17482644,6.51028000000006e+21,"Mortgage",20,1080578.35,1080578.35,1080578.35,0.35,0.45,0.032,4
"179","<= 100",17486068,6.51535000000002e+21,"Consumer Loan",20,6378.14,6378.14,6378.14,0.35,0.45,0.032,4
"180","<= 100",17488184,6.50067000000002e+21,"Consumer Loan",23,186443.63,186443.63,186443.63,0.35,0.45,0.032,4
"181","<= 100",17507022,6.51107000000002e+21,"Consumer Loan",30,87737.52,87737.52,87737.52,0.35,0.45,0.032,4
"182","<= 100",17513839,6.51164000000002e+21,"Consumer Loan",23,55291.29,55291.29,55291.29,0.35,0.45,0.032,4
"183","<= 100",17548780,6.50312000000006e+21,"Mortgage",23,106873.09,106873.09,106873.09,0.35,0.45,0.032,4
"184","<= 100",17548780,6.50312000003121e+21,"Lease",23,51815.2,51815.2,51815.2,0.35,0.45,0.032,4
"185","<= 100",17548780,6.50312000003121e+21,"Lease",23,136183.62,136183.62,136183.62,0.35,0.45,0.032,4
"186","<= 100",17548780,6.50312000003121e+21,"Lease",23,140468.29,140468.29,140468.29,0.35,0.45,0.032,4
"187","<= 100",17548780,6.50312000003121e+21,"Lease",23,83549.96,83549.96,83549.96,0.35,0.45,0.032,4
"188","<= 100",17549388,6.50312000000002e+21,"Consumer Loan",30,57311.03,57311.03,57311.03,0.35,0.45,0.032,4
"189","<= 100",17549388,6.50312000003121e+21,"Lease",30,55192.74,55192.74,55192.74,0.35,0.45,0.032,4
"190","<= 100",17550424,6.50030000000006e+21,"Mortgage",30,1590347.89,1590347.89,1590347.89,0.35,0.45,0.032,4
"191","<= 100",17552095,6.50312000000002e+21,"Consumer Loan",30,15306.23,15306.23,15306.23,0.35,0.45,0.032,4
"192","<= 100",17572894,6.50028000000002e+21,"Consumer Loan",30,18346.26,18346.26,18346.26,0.35,0.45,0.032,4
"193","<= 100",17579171,6.50061000000002e+21,"Consumer Loan",30,535290.76,535290.76,535290.76,0.35,0.45,0.032,4
"194","<= 100",17592046,6.51083000000006e+21,"Mortgage",30,116730.47,116730.47,116730.47,0.35,0.45,0.032,4
"195","<= 100",17605423,6.50034000000002e+21,"Consumer Loan",30,7923.2,7923.2,7923.2,0.35,0.45,0.032,4
"196","<= 100",17610559,6.51351000000006e+21,"Mortgage",23,208114.51,208114.51,208114.51,0.35,0.45,0.032,4
"197","<= 100",17623030,6.51291000012911e+21,"Lease",23,279869.77,279869.77,279869.77,0.35,0.45,0.032,4
"198","<= 100",17627303,6.50032000000002e+21,"Consumer Loan",30,26504.16,26504.16,26504.16,0.35,0.45,0.032,4
"199","<= 100",17629233,6.51205000012051e+21,"Lease",30,11477.8,11477.8,11477.8,0.35,0.45,0.032,4
"200","<= 100",17629233,6.51205000012051e+21,"Lease",30,11622.63,11622.63,11622.63,0.35,0.45,0.032,4
"201","<= 100",17630053,6.50032e+21,"Consumer Loan",23,2798731.74,2801233.62,2801233.62,0.35,0.45,0.032,4
"203","<= 100",17658241,6.51118000000002e+21,"Consumer Loan",50,25264.11,25264.11,25264.11,0.35,0.45,0.032,4
"204","<= 100",17658241,6.51118000000002e+21,"Consumer Loan",50,84812.74,84812.74,84812.74,0.35,0.45,0.032,4
"205","<= 100",17658969,6.51350000000006e+21,"Mortgage",30,426458.76,426458.76,426458.76,0.35,0.45,0.032,4
"206","<= 100",17665256,6.50068000000002e+21,"Consumer Loan",30,121965.28,121965.28,121965.28,0.35,0.45,0.032,4
"207","<= 100",17665256,6.50068000000681e+21,"Lease",30,62031.83,62031.83,62031.83,0.35,0.45,0.032,4
"208","<= 100",17719437,6.51020000000002e+21,"Consumer Loan",30,5543.6,5543.6,5543.6,0.35,0.45,0.032,4
"209","<= 100",17719437,6.51020000000006e+21,"Mortgage",20,368337.59,368337.59,368337.59,0.35,0.45,0.032,4
"210","<= 100",17723892,6.50157000001571e+21,"Lease",30,336550.5,336550.5,336550.5,0.35,0.45,0.032,4
"211","<= 100",17771773,6.51353000000002e+21,"Consumer Loan",30,7543.41,7543.41,7543.41,0.35,0.45,0.032,4
"212","<= 100",17776465,6.50037000000006e+21,"Mortgage",20,456588.75,456588.75,456588.75,0.35,0.45,0.032,4
"213","<= 100",17776465,6.50037000000371e+21,"Lease",20,7311.03,7311.03,7311.03,0.35,0.45,0.032,4
"214","<= 100",17776465,6.50037000000371e+21,"Lease",20,6979.66,6979.66,6979.66,0.35,0.45,0.032,4
"215","<= 100",17776465,6.50037000000371e+21,"Lease",20,7311.03,7311.03,7311.03,0.35,0.45,0.032,4
"216","<= 100",17776465,6.50037000000371e+21,"Lease",20,12572.2,12572.2,12572.2,0.35,0.45,0.032,4
"217","<= 100",17776465,6.50037000000371e+21,"Lease",20,12572.2,12572.2,12572.2,0.35,0.45,0.032,4
"218","<= 100",17776465,6.50037000000371e+21,"Lease",23,6872.33,6872.33,6872.33,0.35,0.45,0.032,4
"219","<= 100",17776465,6.50037000000371e+21,"Lease",20,11341.8,11341.8,11341.8,0.35,0.45,0.032,4
"220","<= 100",17776465,6.50037000000371e+21,"Lease",20,4948.04,4948.04,4948.04,0.35,0.45,0.032,4
"221","<= 100",17776465,6.50037000000371e+21,"Lease",20,9369.75,9369.75,9369.75,0.35,0.45,0.032,4
"222","<= 100",17776465,6.50037000000371e+21,"Lease",20,6865.17,6865.17,6865.17,0.35,0.45,0.032,4
"223","<= 100",17776465,6.50037000000371e+21,"Lease",20,5190.32,5190.32,5190.32,0.35,0.45,0.032,4
"224","<= 100",17776465,6.50037000000371e+21,"Lease",23,12178.72,12178.72,12178.72,0.35,0.45,0.032,4
"225","<= 100",17776465,6.50037000000371e+21,"Lease",20,9628.62,9628.62,9628.62,0.35,0.45,0.032,4
"226","<= 100",17776465,6.50037000000371e+21,"Lease",20,42838.45,42838.45,42838.45,0.35,0.45,0.032,4
"227","<= 100",17776465,6.50037000000371e+21,"Lease",23,33238.51,33238.51,33238.51,0.35,0.45,0.032,4
"228","<= 100",17776465,6.50037000000371e+21,"Lease",20,1831.28,1831.28,1831.28,0.35,0.45,0.032,4
"229","<= 100",17776465,6.50037000000371e+21,"Lease",20,1044.09,1044.09,1044.09,0.35,0.45,0.032,4
"230","<= 100",17813042,6.51283000012831e+21,"Lease",23,309728.92,309728.92,309728.92,0.35,0.45,0.032,4
"231","<= 100",17821878,6.51615000000002e+21,"Consumer Loan",30,73068.41,73068.41,73068.41,0.35,0.45,0.032,4
"232","<= 100",17822533,6.50067000000006e+21,"Mortgage",23,2242603.52,2242603.52,2242603.52,0.35,0.45,0.032,4
"233","<= 100",17837200,6.50039000000006e+21,"Mortgage",23,41954.59,41954.59,41954.59,0.35,0.45,0.032,4
"234","<= 100",17840678,6.50102e+21,"Consumer Loan",30,31510.16,31510.16,31510.16,0.35,0.45,0.032,4
"235","<= 100",17840678,6.50102000000006e+21,"Mortgage",30,68184.41,68184.41,68184.41,0.35,0.45,0.032,4
"236","<= 100",17846129,6.51253000000002e+21,"Consumer Loan",40,134944.55,134944.55,134944.55,0.35,0.45,0.032,4
"237","<= 100",17865417,6.51630000000002e+21,"Consumer Loan",30,212798.81,212798.81,212798.81,0.35,0.45,0.032,4
"238","<= 100",17865417,6.51630000000002e+21,"Consumer Loan",30,152514.56,152514.56,152514.56,0.35,0.45,0.032,4
"239","<= 100",17879272,6.51624000000002e+21,"Consumer Loan",30,9794.44,9794.44,9794.44,0.35,0.45,0.032,4
"240","<= 100",17881048,6.50032000000321e+21,"Lease",20,10929.48,10929.48,10929.48,0.35,0.45,0.032,4
"241","(100, 250]",22779574,6.51186000000003e+21,"Consumer Loan",23,1009332.68,1010530.39,1010530.39,0.3,0.4,0.064,4
"242","<= 100",22780769,6.51009000000006e+21,"Mortgage",30,288739.63,288739.63,288739.63,0.35,0.45,0.032,4
"243","<= 100",22843051,6.51045000000006e+21,"Mortgage",30,71367.85,71367.85,71367.85,0.35,0.45,0.032,4
"244","<= 100",22958258,6.51033e+21,"Consumer Loan",30,22095.05,22095.05,22095.05,0.35,0.45,0.032,4
"245","<= 100",22958258,6.51033000000002e+21,"Consumer Loan",30,341861.38,341861.38,341861.38,0.35,0.45,0.032,4
"246","<= 100",23255587,6.51096e+21,"Consumer Loan",30,94752.03,94752.03,94752.03,0.35,0.45,0.032,4
"247","<= 100",23460350,6.51091000000002e+21,"Consumer Loan",24,1067000,1067000,1067000,0.35,0.45,0.032,4
"248","<= 100",23463929,6.51054000000002e+21,"Consumer Loan",23,421749.07,421749.07,421749.07,0.35,0.45,0.032,4
"249","<= 100",23500689,6.51158000000002e+21,"Consumer Loan",23,52010.8,52010.8,52010.8,0.35,0.45,0.032,4
"250","<= 100",23514523,6.50028000000002e+21,"Consumer Loan",23,268497.14,268497.14,268497.14,0.35,0.45,0.032,4
"251","<= 100",23515945,6.51045000000002e+21,"Consumer Loan",30,18356.67,18356.67,18356.67,0.35,0.45,0.032,4
"252","<= 100",23515945,6.51045000000006e+21,"Mortgage",30,2455379.85,2455379.85,2455379.85,0.35,0.45,0.032,4
"253","<= 100",23590629,6.5106e+21,"Consumer Loan",30,226893.52,226893.52,226893.52,0.35,0.45,0.032,4
"254","<= 100",23647175,6.51140000000002e+21,"Consumer Loan",30,32414.82,32414.82,32414.82,0.35,0.45,0.032,4
"255","<= 100",23647175,6.51140000000002e+21,"Consumer Loan",30,4401.72,4401.72,4401.72,0.35,0.45,0.032,4
"256","<= 100",23654724,6.51507000000002e+21,"Consumer Loan",30,2679875.85,2679875.85,2679875.85,0.35,0.45,0.032,4
"257","<= 100",23654724,6.51507000000006e+21,"Mortgage",20,510735.55,510735.55,510735.55,0.35,0.45,0.032,4
"258","<= 100",23685867,6.51102000000002e+21,"Consumer Loan",50,145897.51,145897.51,145897.51,0.35,0.45,0.032,4
"259","<= 100",23685867,6.51102000000002e+21,"Consumer Loan",50,63619.45,63619.45,63619.45,0.35,0.45,0.032,4
"260","<= 100",23738995,6.51517e+21,"Consumer Loan",23,230533.73,230543.8,230543.8,0.35,0.45,0.032,4
"261","<= 100",23738995,6.51517000000006e+21,"Mortgage",23,133005.27,133005.27,133005.27,0.35,0.45,0.032,4
"262","<= 100",23739576,6.50067000000006e+21,"Mortgage",23,3227618.49,3227618.49,3227618.49,0.35,0.45,0.032,4
"263","<= 100",23740140,6.51095000010951e+21,"Lease",20,3034.01,3034.01,3034.01,0.35,0.45,0.032,4
"264","<= 100",23744952,6.51216000000006e+21,"Mortgage",23,141308.5,141308.5,141308.5,0.35,0.45,0.032,4
"265","<= 100",23775475,6.51296000000002e+21,"Consumer Loan",30,297531.59,297531.59,297531.59,0.35,0.45,0.032,4
"266","<= 100",23809671,6.51037000000006e+21,"Mortgage",23,212789.76,212789.76,212789.76,0.35,0.45,0.032,4
"267","<= 100",23809671,6.51037000000006e+21,"Mortgage",23,369953.51,369953.51,369953.51,0.35,0.45,0.032,4
"268","<= 100",23849487,6.51039000000006e+21,"Mortgage",30,357983.63,357983.63,357983.63,0.35,0.45,0.032,4
"269","<= 100",23849487,6.51039000000006e+21,"Mortgage",30,107596.52,107596.52,107596.52,0.35,0.45,0.032,4
"270","<= 100",23849487,6.51039000000006e+21,"Mortgage",30,84542.29,84542.29,84542.29,0.35,0.45,0.032,4
"271","<= 100",23882328,6.51273000000002e+21,"Consumer Loan",23,786705.39,786705.39,786705.39,0.35,0.45,0.032,4
"272","<= 100",23992484,6.51041000000002e+21,"Consumer Loan",30,19292.4,19292.4,19292.4,0.35,0.45,0.032,4
"273","<= 100",23995890,6.51153000011531e+21,"Lease",30,11882,11882,11882,0.35,0.45,0.032,4
"274","<= 100",24028797,6.50067000000002e+21,"Consumer Loan",23,545292.87,545292.87,545292.87,0.35,0.45,0.032,4
"275","<= 100",24192937,6.51321000000006e+21,"Mortgage",23,656311.46,656311.46,656311.46,0.35,0.45,0.032,4
"276","<= 100",24209279,6.51054000000002e+21,"Consumer Loan",20,31648.02,31648.02,31648.02,0.35,0.45,0.032,4
"277","<= 100",24209279,6.51054000010541e+21,"Lease",20,147.84,147.84,147.84,0.35,0.45,0.032,4
"278","<= 100",24295159,6.51251000000002e+21,"Consumer Loan",30,322415.97,322415.97,322415.97,0.35,0.45,0.032,4
"279","<= 100",24341100,6.51268000000006e+21,"Mortgage",30,142009.41,142009.41,142009.41,0.35,0.45,0.032,4
"280","<= 100",24412511,6.51093e+21,"Consumer Loan",40,58798.92,58798.92,58798.92,0.35,0.45,0.032,4
"281","<= 100",24412511,6.51093e+21,"Consumer Loan",40,124039.87,124039.87,124039.87,0.35,0.45,0.032,4
"282","<= 100",24412511,6.51093000000002e+21,"Consumer Loan",40,59965.52,59965.52,59965.52,0.35,0.45,0.032,4
"283","<= 100",24412511,6.51093000000006e+21,"Mortgage",30,961212.26,961212.26,961212.26,0.35,0.45,0.032,4
"284","<= 100",24412511,6.51093000000006e+21,"Mortgage",30,948610.14,948610.14,948610.14,0.35,0.45,0.032,4
"285","<= 100",24412511,6.59999458074101e+21,"Credit Card",40,1754.28,1754.28,1754.28,0.35,0.45,0.032,4
"286","<= 100",24412511,6.59999458074101e+21,"Credit Card",40,934.81,934.81,934.81,0.35,0.45,0.032,4
"287","<= 100",24469475,6.51092e+21,"Consumer Loan",30,21987.03,21987.03,21987.03,0.35,0.45,0.032,4
"288","<= 100",24531219,6.5131e+21,"Consumer Loan",30,381991.32,381991.32,381991.32,0.35,0.45,0.032,4
"289","<= 100",24531219,6.51310000000006e+21,"Mortgage",30,1674406.83,1674406.83,1674406.83,0.35,0.45,0.032,4
"290","<= 100",24531219,6.51310000000006e+21,"Mortgage",30,1584770.48,1584770.48,1584770.48,0.35,0.45,0.032,4
"291","<= 100",24531219,6.51310000013101e+21,"Lease",30,4527.9,4527.9,4527.9,0.35,0.45,0.032,4
"292","<= 100",24531219,6.51310000013101e+21,"Lease",30,4939.53,4939.53,4939.53,0.35,0.45,0.032,4
"293","<= 100",24531219,6.51310000013101e+21,"Lease",30,32382.05,32382.05,32382.05,0.35,0.45,0.032,4
"294","<= 100",24531219,6.51310000013101e+21,"Lease",30,3229183.72,3229183.72,3229183.72,0.35,0.45,0.032,4
"296","<= 100",24696560,6.51148000000006e+21,"Mortgage",30,75593.39,75593.39,75593.39,0.35,0.45,0.032,4
"297","<= 100",24747602,6.50067000000002e+21,"Consumer Loan",23,233800.03,233800.03,233800.03,0.35,0.45,0.032,4
"298","<= 100",24833525,6.51102e+21,"Consumer Loan",23,298476.13,300300.9,300300.9,0.35,0.45,0.032,4
"299","<= 100",24833525,6.51102000000002e+21,"Consumer Loan",23,967469.49,967469.49,967469.49,0.35,0.45,0.032,4
"300","<= 100",24861065,6.50148000000002e+21,"Consumer Loan",30,181186.29,181186.29,181186.29,0.35,0.45,0.032,4
"301","<= 100",24861065,6.50148000000002e+21,"Consumer Loan",30,13488.58,13488.58,13488.58,0.35,0.45,0.032,4
"302","<= 100",24861065,6.50148000000006e+21,"Mortgage",30,1047169.19,1047169.19,1047169.19,0.35,0.45,0.032,4
"303","(100, 250]",24878577,6.50025e+21,"Consumer Loan",40,491799.39,491799.39,491799.39,0.3,0.4,0.064,4
"304","<= 100",25041657,6.51384000000002e+21,"Consumer Loan",20,18549.22,18549.22,18549.22,0.35,0.45,0.032,4
"305","<= 100",25090690,6.51248000000002e+21,"Consumer Loan",30,66898.18,66898.18,66898.18,0.35,0.45,0.032,4
"306","<= 100",25139177,6.50184000001841e+21,"Lease",30,122718.9,122718.9,122718.9,0.35,0.45,0.032,4
"307","<= 100",25168722,6.51092000000002e+21,"Consumer Loan",20,197069.14,197069.14,197069.14,0.35,0.45,0.032,4
"308","<= 100",25184075,6.51165000000002e+21,"Consumer Loan",30,16726.67,16726.67,16726.67,0.35,0.45,0.032,4
"309","(100, 250]",25195549,6.50067000000002e+21,"Consumer Loan",20,408673.34,408673.34,408673.34,0.3,0.4,0.064,4
"310","<= 100",25232088,6.51306e+21,"Consumer Loan",30,826614.49,826614.49,826614.49,0.35,0.45,0.032,4
"311","<= 100",25232088,6.51306000000002e+21,"Consumer Loan",30,402324.67,402324.67,402324.67,0.35,0.45,0.032,4
"312","<= 100",25232088,6.51306000000006e+21,"Mortgage",30,221014.28,221014.28,221014.28,0.35,0.45,0.032,4
"313","<= 100",25282867,6.51273000000002e+21,"Consumer Loan",20,73560.84,73560.84,73560.84,0.35,0.45,0.032,4
"314","<= 100",25282867,6.51273000000006e+21,"Mortgage",20,131516.38,131516.38,131516.38,0.35,0.45,0.032,4
"315","<= 100",25306510,6.51248000000002e+21,"Consumer Loan",30,339089.22,339089.22,339089.22,0.35,0.45,0.032,4
"316","<= 100",25312266,6.51242000000002e+21,"Consumer Loan",30,44961.84,44961.84,44961.84,0.35,0.45,0.032,4
"317","<= 100",25319612,6.51358000000002e+21,"Consumer Loan",30,67010.21,67010.21,67010.21,0.35,0.45,0.032,4
"318","<= 100",25319612,6.51358000000002e+21,"Consumer Loan",30,69580.51,69580.51,69580.51,0.35,0.45,0.032,4
"319","<= 100",25366483,6.51192000000002e+21,"Consumer Loan",23,12494.18,12494.18,12494.18,0.35,0.45,0.032,4
"320","<= 100",25553372,6.51054000000002e+21,"Consumer Loan",30,41607.81,41607.81,41607.81,0.35,0.45,0.032,4
"321","<= 100",25591967,6.50032000000321e+21,"Lease",30,13168.18,13168.18,13168.18,0.35,0.45,0.032,4
"322","<= 100",25591967,6.50032000000321e+21,"Lease",30,6986.74,6986.74,6986.74,0.35,0.45,0.032,4
"323","<= 100",25591967,6.50032000000321e+21,"Lease",30,55234.64,55234.64,55234.64,0.35,0.45,0.032,4
"324","<= 100",25591967,6.50032000000321e+21,"Lease",30,116679.68,116679.68,116679.68,0.35,0.45,0.032,4
"325","<= 100",25591967,6.50032000000321e+21,"Lease",30,20145.23,20145.23,20145.23,0.35,0.45,0.032,4
"326","<= 100",25613855,6.51170000000002e+21,"Consumer Loan",30,2788.43,2788.43,2788.43,0.35,0.45,0.032,4
"327","<= 100",25613855,6.51170000011701e+21,"Lease",30,2332,2332,2332,0.35,0.45,0.032,4
"328","<= 100",25613855,6.51170000011701e+21,"Lease",30,2891.22,2891.22,2891.22,0.35,0.45,0.032,4
"329","<= 100",25729683,6.51011000000006e+21,"Mortgage",20,157642.27,157642.27,157642.27,0.35,0.45,0.032,4
"330","<= 100",25763660,6.51242000012421e+21,"Lease",30,138318.47,138318.47,138318.47,0.35,0.45,0.032,4
"331","<= 100",25833820,6.51054000010541e+21,"Lease",30,331794.19,331794.19,331794.19,0.35,0.45,0.032,4
"332","<= 100",25840568,6.51309000000002e+21,"Consumer Loan",30,445921.07,445921.07,445921.07,0.35,0.45,0.032,4
"333","<= 100",25912895,6.50026000000261e+21,"Lease",20,24136.33,24136.33,24136.33,0.35,0.45,0.032,4
"334","<= 100",25912895,6.50026000000261e+21,"Lease",20,21495.59,21495.59,21495.59,0.35,0.45,0.032,4
"335","<= 100",25912895,6.50026000000261e+21,"Lease",20,24198.07,24198.07,24198.07,0.35,0.45,0.032,4
"336","<= 100",25921673,6.51216e+21,"Consumer Loan",40,341339.24,341339.24,341339.24,0.35,0.45,0.032,4
"337","<= 100",25948899,6.51102000000002e+21,"Consumer Loan",24,2321893.34,2321893.34,2321893.34,0.35,0.45,0.032,4
"338","<= 100",26072734,6.51107000000002e+21,"Consumer Loan",30,203097.9,203097.9,203097.9,0.35,0.45,0.032,4
"339","<= 100",26110865,6.51057000000006e+21,"Mortgage",23,250236.41,250236.41,250236.41,0.35,0.45,0.032,4
"340","<= 100",26113937,6.51129000000002e+21,"Consumer Loan",30,58390.44,58390.44,58390.44,0.35,0.45,0.032,4
"341","<= 100",26125749,6.50032000000002e+21,"Consumer Loan",30,46429.21,46429.21,46429.21,0.35,0.45,0.032,4
"342","<= 100",26132923,6.51156000000002e+21,"Consumer Loan",30,1557982.66,1557982.66,1557982.66,0.35,0.45,0.032,4
"343","<= 100",26195232,6.51269000000002e+21,"Consumer Loan",30,253359.28,253359.28,253359.28,0.35,0.45,0.032,4
"344","<= 100",26195232,6.51269000012691e+21,"Lease",30,172011.53,172011.53,172011.53,0.35,0.45,0.032,4
"345","<= 100",26278375,6.51380000000006e+21,"Mortgage",23,100276.21,100276.21,100276.21,0.35,0.45,0.032,4
"346","<= 100",26278375,6.51380000000006e+21,"Mortgage",23,294696.70187,335954.24,294696.70187,0.35,0.45,0.032,4
"347","<= 100",26334577,6.51054000000006e+21,"Mortgage",20,177416.63,177416.63,177416.63,0.35,0.45,0.032,4
"348","<= 100",26335832,6.51108e+21,"Consumer Loan",30,60637.72,60637.72,60637.72,0.35,0.45,0.032,4
"349","<= 100",26335832,6.51108000000002e+21,"Consumer Loan",30,63768.09,63768.09,63768.09,0.35,0.45,0.032,4
"350","<= 100",26337576,6.51119000000002e+21,"Consumer Loan",23,205906.79,205906.79,205906.79,0.35,0.45,0.032,4
"351",">250",26563908,6.50145e+21,"Consumer Loan",23,19554900.02,20117238.53,20117238.53,0.25,0.3,0.064,4
"352","<= 100",26640988,6.50051000000006e+21,"Mortgage",23,1804074.81,1804074.81,1804074.81,0.35,0.45,0.032,4
"353","<= 100",26657139,6.50145000000002e+21,"Consumer Loan",30,3325134.61,3325134.61,3325134.61,0.35,0.45,0.032,4
"354","<= 100",26731258,6.51118000011181e+21,"Lease",30,18004.22,18004.22,18004.22,0.35,0.45,0.032,4
"355","<= 100",26757044,6.51322e+21,"Consumer Loan",23,0.07,36000,36000,0.35,0.45,0.032,4
"356","<= 100",26833999,6.51242000000002e+21,"Consumer Loan",30,33192.9,33192.9,33192.9,0.35,0.45,0.032,4
"357","<= 100",26833999,6.51242000000002e+21,"Consumer Loan",30,17254.69,17254.69,17254.69,0.35,0.45,0.032,4
"358","<= 100",26833999,6.51242000000002e+21,"Consumer Loan",30,15255.57,15255.57,15255.57,0.35,0.45,0.032,4
"359","<= 100",26833999,6.51242000000002e+21,"Consumer Loan",30,29436.09,29436.09,29436.09,0.35,0.45,0.032,4
"360","<= 100",26833999,6.51242000000002e+21,"Consumer Loan",30,4181.21,4181.21,4181.21,0.35,0.45,0.032,4
"361","<= 100",26870541,6.51057000000002e+21,"Consumer Loan",23,72622.96,72622.96,72622.96,0.35,0.45,0.032,4
"362","<= 100",26870541,6.51057000000006e+21,"Mortgage",23,1546177.9,1546177.9,1546177.9,0.35,0.45,0.032,4
"363","<= 100",26870541,6.51057000000006e+21,"Mortgage",23,476851.76,476851.76,476851.76,0.35,0.45,0.032,4
"364","<= 100",26886987,6.50032000000321e+21,"Lease",30,667337.48,667337.48,667337.48,0.35,0.45,0.032,4
"365","<= 100",26890925,6.51045000000002e+21,"Consumer Loan",20,7047.3,7047.3,7047.3,0.35,0.45,0.032,4
"366","<= 100",26899221,6.51161000000002e+21,"Consumer Loan",50,51134.8,51134.8,51134.8,0.35,0.45,0.032,4
"367","<= 100",26904111,6.51158000000002e+21,"Consumer Loan",30,26742.72,26742.72,26742.72,0.35,0.45,0.032,4
"368","<= 100",26907127,6.51102000000006e+21,"Mortgage",23,60332.98,60332.98,60332.98,0.35,0.45,0.032,4
"369","<= 100",26917114,6.51084000000002e+21,"Consumer Loan",30,108566.2,108566.2,108566.2,0.35,0.45,0.032,4
"370","<= 100",26917114,6.51084000010841e+21,"Lease",20,1678.11,1678.11,1678.11,0.35,0.45,0.032,4
"371","<= 100",26917114,6.51084000010841e+21,"Lease",20,146.72,146.72,146.72,0.35,0.45,0.032,4
"372","<= 100",26917114,6.51084000010841e+21,"Lease",20,4998.42,4998.42,4998.42,0.35,0.45,0.032,4
"373","<= 100",26917114,6.51084000010841e+21,"Lease",30,11591.56,11591.56,11591.56,0.35,0.45,0.032,4
"374","<= 100",26917114,6.51084000010841e+21,"Lease",20,3332.75,3332.75,3332.75,0.35,0.45,0.032,4
"375","<= 100",26917114,6.51084000010841e+21,"Lease",30,22927.25,22927.25,22927.25,0.35,0.45,0.032,4
"376","<= 100",26917114,6.51084000010841e+21,"Lease",30,14078.56,14078.56,14078.56,0.35,0.45,0.032,4
"377","<= 100",26917114,6.51084000010841e+21,"Lease",30,22220.15,22220.15,22220.15,0.35,0.45,0.032,4
"378","<= 100",26917114,6.51084000010841e+21,"Lease",20,5923.39,5923.39,5923.39,0.35,0.45,0.032,4
"379","<= 100",26917114,6.51084000010841e+21,"Lease",30,21482.77,21482.77,21482.77,0.35,0.45,0.032,4
"380","<= 100",26923173,6.50184000000006e+21,"Mortgage",50,7590.74,7590.74,7590.74,0.35,0.45,0.032,4
"381","<= 100",27003973,6.51327e+21,"Consumer Loan",50,712290.57,712290.57,712290.57,0.35,0.45,0.032,4
"382","<= 100",27010260,6.51516e+21,"Consumer Loan",40,320586.38,320586.38,320586.38,0.35,0.45,0.032,4
"383","<= 100",27010260,6.51516000000002e+21,"Consumer Loan",40,1816148.8,1816148.8,1816148.8,0.35,0.45,0.032,4
"384","<= 100",27010260,6.51516000000002e+21,"Consumer Loan",30,7306167.7,7306167.7,7306167.7,0.35,0.45,0.032,4
"385","<= 100",27015645,6.50014e+21,"Consumer Loan",30,10868.66,10868.66,10868.66,0.35,0.45,0.032,4
"386","<= 100",27044378,6.51248000000002e+21,"Consumer Loan",23,476344.43,476344.43,476344.43,0.35,0.45,0.032,4
"387","<= 100",27044378,6.51248000000002e+21,"Consumer Loan",23,482188.27,482188.27,482188.27,0.35,0.45,0.032,4
"388","<= 100",27063518,6.51057000000006e+21,"Mortgage",23,221320.68,221320.68,221320.68,0.35,0.45,0.032,4
"389","<= 100",27063518,6.51057000000006e+21,"Mortgage",23,196877.08,196877.08,196877.08,0.35,0.45,0.032,4
"390","<= 100",27068749,6.51248000000002e+21,"Consumer Loan",23,18343.93,18343.93,18343.93,0.35,0.45,0.032,4
"391","<= 100",27069052,6.51039000000002e+21,"Consumer Loan",30,1873.49,1873.49,1873.49,0.35,0.45,0.032,4
"393","<= 100",27083608,6.51194000000006e+21,"Mortgage",23,13029.37,13029.37,13029.37,0.35,0.45,0.032,4
"394","<= 100",27172015,6.50312000000002e+21,"Consumer Loan",30,59136.33,59136.33,59136.33,0.35,0.45,0.032,4
"395","<= 100",27255018,6.51206000000002e+21,"Consumer Loan",30,20397.21,20397.21,20397.21,0.35,0.45,0.032,4
"396","<= 100",27406652,6.59999458075107e+21,"Credit Card",40,359.6,359.6,359.6,0.35,0.45,0.032,4
"397","<= 100",27460428,6.51107000000006e+21,"Mortgage",30,133303.63,133303.63,133303.63,0.35,0.45,0.032,4
"398","<= 100",27460428,6.51107000000006e+21,"Mortgage",30,23470.97,23470.97,23470.97,0.35,0.45,0.032,4
"399","<= 100",27508838,6.51245e+21,"Consumer Loan",40,37574.75,37574.75,37574.75,0.35,0.45,0.032,4
"400","<= 100",27508838,6.51245000000006e+21,"Mortgage",40,52854.45,52854.45,52854.45,0.35,0.45,0.032,4
"401","<= 100",27508838,6.51245000012451e+21,"Lease",40,21995.16,21995.16,21995.16,0.35,0.45,0.032,4
"402","<= 100",27508838,6.59999458074102e+21,"Credit Card",50,3017.66,3017.66,3017.66,0.35,0.45,0.032,4
"403","<= 100",27508838,6.59999458074102e+21,"Credit Card",50,726.81,726.81,726.81,0.35,0.45,0.032,4
"404","<= 100",27508838,6.59999458074102e+21,"Credit Card",50,1406.12,1406.12,1406.12,0.35,0.45,0.032,4
"405","<= 100",27508838,6.59999458074102e+21,"Credit Card",50,321.15,321.15,321.15,0.35,0.45,0.032,4
"406","<= 100",27508838,6.59999458074102e+21,"Credit Card",50,993.11,993.11,993.11,0.35,0.45,0.032,4
"407","<= 100",27508838,6.59999458074102e+21,"Credit Card",50,455.73,455.73,455.73,0.35,0.45,0.032,4
"408","<= 100",27508838,6.59999458074102e+21,"Credit Card",50,2042.83,2042.83,2042.83,0.35,0.45,0.032,4
"409","<= 100",27508838,6.5999945807412e+21,"Credit Card",50,922.73,922.73,922.73,0.35,0.45,0.032,4
"410","<= 100",27558053,6.51160000000006e+21,"Mortgage",30,106990.32,106990.32,106990.32,0.35,0.45,0.032,4
"411","<= 100",27684539,6.51507e+21,"Consumer Loan",30,1458921.25,1458921.25,1458921.25,0.35,0.45,0.032,4
"412","<= 100",27688623,6.51118000000002e+21,"Consumer Loan",30,154355.95,154355.95,154355.95,0.35,0.45,0.032,4
"413","<= 100",27793299,6.51059000000006e+21,"Mortgage",23,10154.06,10154.06,10154.06,0.35,0.45,0.032,4
"414","<= 100",27897672,6.51094000000002e+21,"Consumer Loan",30,27327.87,27327.87,27327.87,0.35,0.45,0.032,4
"415","<= 100",27969533,6.51395000000006e+21,"Mortgage",23,15517.97,15517.97,15517.97,0.35,0.45,0.032,4
"416","<= 100",27978923,6.51109000011091e+21,"Lease",30,15414.14,15414.14,15414.14,0.35,0.45,0.032,4
"417","<= 100",28017994,6.51270000000006e+21,"Mortgage",30,263086.82,263086.82,263086.82,0.35,0.45,0.032,4
"418","<= 100",28057155,6.51312e+21,"Consumer Loan",40,32429.19,32429.19,32429.19,0.35,0.45,0.032,4
"419","<= 100",28057155,6.51312000013121e+21,"Lease",40,18757.05,18757.05,18757.05,0.35,0.45,0.032,4
"420","<= 100",28174275,6.51074000000006e+21,"Mortgage",20,156356.61,156356.61,156356.61,0.35,0.45,0.032,4
"421","<= 100",28174828,6.50050000000006e+21,"Mortgage",23,106234.51,106234.51,106234.51,0.35,0.45,0.032,4
"422","<= 100",28194241,6.50067000000006e+21,"Mortgage",20,4662054.42,4662054.42,4662054.42,0.35,0.45,0.032,4
"423","<= 100",28234960,6.51244000000006e+21,"Mortgage",23,156439.49,156439.49,156439.49,0.35,0.45,0.032,4
"424","<= 100",28298551,6.50148000001481e+21,"Lease",30,4127.92,4127.92,4127.92,0.35,0.45,0.032,4
"425","<= 100",28298551,6.50148000001481e+21,"Lease",30,71145.15,71145.15,71145.15,0.35,0.45,0.032,4
"426","<= 100",28299280,6.51502e+21,"Consumer Loan",30,67619.2,67619.2,67619.2,0.35,0.45,0.032,4
"427","<= 100",28299280,6.51502000000002e+21,"Consumer Loan",30,72682.56,72682.56,72682.56,0.35,0.45,0.032,4
"428","<= 100",28299280,6.51502000000002e+21,"Consumer Loan",30,202027.67,202027.67,202027.67,0.35,0.45,0.032,4
"429","<= 100",28303922,6.50145e+21,"Consumer Loan",23,4602475.8,5027061.56,5027061.56,0.35,0.45,0.032,4
"430","<= 100",28303922,6.50145e+21,"Consumer Loan",23,2230883.22,3263261.53,3263261.53,0.35,0.45,0.032,4
"431","<= 100",28303922,6.50145e+21,"Consumer Loan",23,14074446.14,15623013.73,15623013.73,0.35,0.45,0.032,4
"432","<= 100",28352637,6.50034000000002e+21,"Consumer Loan",20,7292.44,7292.44,7292.44,0.35,0.45,0.032,4
"433","<= 100",28361261,6.51301000000006e+21,"Mortgage",23,956056.48,956056.48,956056.48,0.35,0.45,0.032,4
"435","<= 100",28449576,6.51118000011181e+21,"Lease",30,28194.72,28194.72,28194.72,0.35,0.45,0.032,4
"436","<= 100",28449576,6.51118000011181e+21,"Lease",30,95755.19,95755.19,95755.19,0.35,0.45,0.032,4
"437","<= 100",28449576,6.51118000011181e+21,"Lease",30,110236.63,110236.63,110236.63,0.35,0.45,0.032,4
"438","<= 100",28449576,6.51118000011181e+21,"Lease",30,111755.83,111755.83,111755.83,0.35,0.45,0.032,4
"439","<= 100",28449576,6.51118000011181e+21,"Lease",30,82597.67,82597.67,82597.67,0.35,0.45,0.032,4
"440","<= 100",28449576,6.51118000011181e+21,"Lease",30,57551.65,57551.65,57551.65,0.35,0.45,0.032,4
"441","<= 100",28449576,6.51118000011181e+21,"Lease",30,19951.58,19951.58,19951.58,0.35,0.45,0.032,4
"442","<= 100",28457846,6.51534000000006e+21,"Mortgage",30,196914.64,196914.64,196914.64,0.35,0.45,0.032,4
"443","<= 100",28457846,6.51534000000006e+21,"Mortgage",30,422068,422068,422068,0.35,0.45,0.032,4
"444","<= 100",28459547,6.51133000000002e+21,"Consumer Loan",30,1163.65,1163.65,1163.65,0.35,0.45,0.032,4
"445","<= 100",28494075,6.51028e+21,"Consumer Loan",30,33486.04,33486.04,33486.04,0.35,0.45,0.032,4
"446","<= 100",28624114,6.51590000000002e+21,"Consumer Loan",30,60196.56,60196.56,60196.56,0.35,0.45,0.032,4
"447","<= 100",28663454,6.50184000000002e+21,"Consumer Loan",30,155896.55,155896.55,155896.55,0.35,0.45,0.032,4
"448","<= 100",28663454,6.50184000000006e+21,"Mortgage",50,6088.5,6088.5,6088.5,0.35,0.45,0.032,4
"449","<= 100",28666968,6.51011000000006e+21,"Mortgage",30,1090514.91,1090514.91,1090514.91,0.35,0.45,0.032,4
"450","<= 100",28676556,6.51314000000006e+21,"Mortgage",30,72841.6,72841.6,72841.6,0.35,0.45,0.032,4
"451","<= 100",28735344,6.51148000000002e+21,"Consumer Loan",30,15561.17,15561.17,15561.17,0.35,0.45,0.032,4
"452","<= 100",28782941,6.59999458075114e+21,"Credit Card",20,3152.29,3152.29,3152.29,0.35,0.45,0.032,4
"453","<= 100",28791347,6.51138000000002e+21,"Consumer Loan",23,26305.81,26305.81,26305.81,0.35,0.45,0.032,4
"454","<= 100",28795148,6.50119000000006e+21,"Mortgage",23,181260.96,181260.96,181260.96,0.35,0.45,0.032,4
"455","<= 100",28945417,6.51366000000002e+21,"Consumer Loan",30,256708.28,256708.28,256708.28,0.35,0.45,0.032,4
"456","<= 100",28945417,6.51366000000002e+21,"Consumer Loan",30,274903.56,274903.56,274903.56,0.35,0.45,0.032,4
"457","<= 100",28946049,6.51359000000002e+21,"Consumer Loan",23,142953.38,142953.38,142953.38,0.35,0.45,0.032,4
"458","<= 100",28961250,6.51023000000002e+21,"Consumer Loan",30,745.31,745.31,745.31,0.35,0.45,0.032,4
"459","<= 100",28961250,6.51023000000002e+21,"Consumer Loan",30,115369.75,115369.75,115369.75,0.35,0.45,0.032,4
"460","<= 100",28985567,6.51050000000002e+21,"Consumer Loan",30,129885.58,129885.58,129885.58,0.35,0.45,0.032,4
"461","<= 100",29028248,6.50050000000006e+21,"Mortgage",23,63712.69,63712.69,63712.69,0.35,0.45,0.032,4
"462","<= 100",29044081,6.51377000000006e+21,"Mortgage",23,470923.36,470923.36,470923.36,0.35,0.45,0.032,4
"463","<= 100",29044081,6.59999496650099e+21,"Credit Card",23,397.04,6000,6000,0.35,0.45,0.032,4
"464","<= 100",29047633,6.50067000000001e+21,"Consumer Loan",30,1652980.48,1652980.48,1652980.48,0.35,0.45,0.032,4
"465","<= 100",29081661,6.51186e+21,"Consumer Loan",30,2111408.01,2111408.01,2111408.01,0.35,0.45,0.032,4
"466","<= 100",29081661,6.51186000011861e+21,"Lease",30,4214.94,4214.94,4214.94,0.35,0.45,0.032,4
"467","<= 100",29081661,6.51186000011861e+21,"Lease",30,4214.94,4214.94,4214.94,0.35,0.45,0.032,4
"468","<= 100",29081661,6.51186000011861e+21,"Lease",30,4321.5,4321.5,4321.5,0.35,0.45,0.032,4
"469","<= 100",29081661,6.51186000011861e+21,"Lease",30,6551.03,6551.03,6551.03,0.35,0.45,0.032,4
"470","<= 100",29081661,6.51186000011861e+21,"Lease",30,5947.81,5947.81,5947.81,0.35,0.45,0.032,4
"471","<= 100",29081661,6.51186000011861e+21,"Lease",30,6058.57,6058.57,6058.57,0.35,0.45,0.032,4
"472","<= 100",29081661,6.51186000011861e+21,"Lease",30,76813.3,76813.3,76813.3,0.35,0.45,0.032,4
"473","<= 100",29085632,6.51312000000006e+21,"Mortgage",30,24725.95,24725.95,24725.95,0.35,0.45,0.032,4
"474","<= 100",29136369,6.51507000000002e+21,"Consumer Loan",30,2679875.85,2679875.85,2679875.85,0.35,0.45,0.032,4
"475","<= 100",29137071,6.51091000000002e+21,"Consumer Loan",23,328652.61,328652.61,328652.61,0.35,0.45,0.032,4
"476","<= 100",29147425,6.50050000000006e+21,"Mortgage",30,189759.34,189759.34,189759.34,0.35,0.45,0.032,4
"477","<= 100",29149428,6.50032000000002e+21,"Consumer Loan",40,904626.75,904626.75,904626.75,0.35,0.45,0.032,4
"478","<= 100",29180522,6.51250000000002e+21,"Consumer Loan",30,2753.39,2753.39,2753.39,0.35,0.45,0.032,4
"479","<= 100",29180522,6.51250000000002e+21,"Consumer Loan",30,34289.92,34289.92,34289.92,0.35,0.45,0.032,4
"480","<= 100",29180522,6.51250000000002e+21,"Consumer Loan",30,147709.46,147709.46,147709.46,0.35,0.45,0.032,4
"482","<= 100",29229324,6.51184000000002e+21,"Consumer Loan",30,58701.95,58701.95,58701.95,0.35,0.45,0.032,4
"483","<= 100",29229324,6.51184000000002e+21,"Consumer Loan",30,13824.07,13824.07,13824.07,0.35,0.45,0.032,4
"484","<= 100",29252784,6.51273000000002e+21,"Consumer Loan",23,2212024.65,2212024.65,2212024.65,0.35,0.45,0.032,4
"485","<= 100",29266440,6.50043000000002e+21,"Consumer Loan",30,544211.6,544211.6,544211.6,0.35,0.45,0.032,4
"486","<= 100",29276489,6.51092000000002e+21,"Consumer Loan",30,56849.1,56849.1,56849.1,0.35,0.45,0.032,4
"487","<= 100",29276691,6.51247000000002e+21,"Consumer Loan",30,775.43,775.43,775.43,0.35,0.45,0.032,4
"488","<= 100",29276691,6.51247000000002e+21,"Consumer Loan",30,2811.15,2811.15,2811.15,0.35,0.45,0.032,4
"489","<= 100",29293911,6.51102000000006e+21,"Mortgage",30,943457.53,943457.53,943457.53,0.35,0.45,0.032,4
"490","<= 100",29307031,6.50065000000651e+21,"Lease",30,278230.7,278230.7,278230.7,0.35,0.45,0.032,4
"491","<= 100",29340934,6.50032000000002e+21,"Consumer Loan",30,15077.37,15077.37,15077.37,0.35,0.45,0.032,4
"492","<= 100",29340934,6.50032000000006e+21,"Mortgage",30,1935086.32,1935086.32,1935086.32,0.35,0.45,0.032,4
"493","<= 100",29340942,6.50032000000006e+21,"Mortgage",30,10577,10577,10577,0.35,0.45,0.032,4
"495","<= 100",29350530,6.51502000000002e+21,"Consumer Loan",20,15989.41,15989.41,15989.41,0.35,0.45,0.032,4
"496","<= 100",29388910,6.50308000003081e+21,"Lease",20,80409.23,80409.23,80409.23,0.35,0.45,0.032,4
"497","<= 100",29388910,6.50308000003081e+21,"Lease",20,145761.91,145761.91,145761.91,0.35,0.45,0.032,4
"498","<= 100",29390060,6.51007e+21,"Consumer Loan",23,101365.15,101365.15,101365.15,0.35,0.45,0.032,4
"499","<= 100",29390060,6.51007000000006e+21,"Mortgage",23,1129321.8,1129321.8,1129321.8,0.35,0.45,0.032,4
"500",">250",29408741,6.50067000000001e+21,"Consumer Loan",23,1514895.38,1516726.79,1516726.79,0.25,0.3,0.064,4
"501","<= 100",29408768,6.51204000000006e+21,"Mortgage",23,3820564.17,3820564.17,3820564.17,0.35,0.45,0.032,4
"502","<= 100",29433568,6.51245000012451e+21,"Lease",40,2860.18,2860.18,2860.18,0.35,0.45,0.032,4
"503","<= 100",29433568,6.51245000012451e+21,"Lease",40,5400.25,5400.25,5400.25,0.35,0.45,0.032,4
"504","<= 100",29451310,6.51353000000002e+21,"Consumer Loan",30,18705.96,18705.96,18705.96,0.35,0.45,0.032,4
"505","<= 100",29457785,6.51567000000002e+21,"Consumer Loan",30,209779.82,209779.82,209779.82,0.35,0.45,0.032,4
"506","(100, 250]",29485339,6.51313000000006e+21,"Mortgage",23,5274243.01,5274243.01,5274243.01,0.3,0.4,0.064,4
"507","<= 100",29550858,6.50180000000002e+21,"Consumer Loan",30,12157.1,12157.1,12157.1,0.35,0.45,0.032,4
"508","<= 100",29578353,6.51186000011861e+21,"Lease",30,5705.32,5705.32,5705.32,0.35,0.45,0.032,4
"509","<= 100",29578353,6.51186000011861e+21,"Lease",30,8102.92,8102.92,8102.92,0.35,0.45,0.032,4
"510","(100, 250]",29589134,6.50039000000002e+21,"Consumer Loan",20,365037.32,365037.32,365037.32,0.3,0.4,0.064,4
"512","<= 100",29613400,6.50028000000002e+21,"Consumer Loan",40,90000,90000,90000,0.35,0.45,0.032,4
"513","<= 100",29618436,6.51314000000002e+21,"Consumer Loan",30,1631167.36,1631167.36,1631167.36,0.35,0.45,0.032,4
"514","<= 100",29618584,6.50148000000006e+21,"Mortgage",30,1075445.09,1075445.09,1075445.09,0.35,0.45,0.032,4
"515","<= 100",29671388,6.50157000000006e+21,"Mortgage",30,427204.08,427204.08,427204.08,0.35,0.45,0.032,4
"516","<= 100",29714915,6.50245e+21,"Consumer Loan",30,157251.92,157251.92,157251.92,0.35,0.45,0.032,4
"517","<= 100",29744059,6.51200000000006e+21,"Mortgage",23,1027270.94,1027270.94,1027270.94,0.35,0.45,0.032,4
"518","<= 100",29749603,6.50028000000281e+21,"Lease",30,22853.63,22853.63,22853.63,0.35,0.45,0.032,4
"519","<= 100",29749603,6.50028000000281e+21,"Lease",30,199997.86,199997.86,199997.86,0.35,0.45,0.032,4
"520","<= 100",29749603,6.50028000000281e+21,"Lease",30,48575.49,48575.49,48575.49,0.35,0.45,0.032,4
"521","<= 100",29749603,6.50028000000281e+21,"Lease",30,94019.3,94019.3,94019.3,0.35,0.45,0.032,4
"522","<= 100",29749603,6.50028000000281e+21,"Lease",30,80004.31,80004.31,80004.31,0.35,0.45,0.032,4
"523","<= 100",29749603,6.50028000000281e+21,"Lease",30,30271.57,30271.57,30271.57,0.35,0.45,0.032,4
"524","<= 100",29749603,6.50028000000281e+21,"Lease",30,24079.3,24079.3,24079.3,0.35,0.45,0.032,4
"525","<= 100",29749603,6.50028000000281e+21,"Lease",30,39836.88,39836.88,39836.88,0.35,0.45,0.032,4
"526","<= 100",29749603,6.50028000000281e+21,"Lease",30,39836.88,39836.88,39836.88,0.35,0.45,0.032,4
"527","<= 100",29749603,6.50028000000281e+21,"Lease",30,13942.5,13942.5,13942.5,0.35,0.45,0.032,4
"528",">250",29778654,6.50067000000001e+21,"Consumer Loan",23,1514895.38,1516726.79,1516726.79,0.25,0.3,0.064,4
"529","<= 100",29782775,6.51268000000006e+21,"Mortgage",30,102390.56,102390.56,102390.56,0.35,0.45,0.032,4
"530","<= 100",29807018,6.50069e+21,"Consumer Loan",30,521000,521000,521000,0.35,0.45,0.032,4
"531","<= 100",29807018,6.50069e+21,"Consumer Loan",30,2460908.17,2460908.17,2460908.17,0.35,0.45,0.032,4
"532","<= 100",29807018,6.50069e+21,"Consumer Loan",20,244664.92,244664.92,244664.92,0.35,0.45,0.032,4
"533","<= 100",29807018,6.50069000000002e+21,"Consumer Loan",23,334289.75,334289.75,334289.75,0.35,0.45,0.032,4
"534","<= 100",29890365,6.50038000000006e+21,"Mortgage",30,415371.63,415371.63,415371.63,0.35,0.45,0.032,4
"535","<= 100",29961661,6.50079000000006e+21,"Mortgage",24,109389.1,109389.1,109389.1,0.35,0.45,0.032,4
"536","<= 100",29961661,6.50079000000006e+21,"Mortgage",24,192290.9,192290.9,192290.9,0.35,0.45,0.032,4
"537","<= 100",30036925,6.50312000000006e+21,"Mortgage",23,1555770.79,1555770.79,1555770.79,0.35,0.45,0.032,4
"538","<= 100",30055482,6.50067000000002e+21,"Consumer Loan",23,94406.78,94406.78,94406.78,0.35,0.45,0.032,4
"539","<= 100",30055482,6.51067000010671e+21,"Lease",23,1936705.05,1936705.05,1936705.05,0.35,0.45,0.032,4
"540","<= 100",30055482,6.51067000010671e+21,"Lease",23,230909.18,230909.18,230909.18,0.35,0.45,0.032,4
"541","<= 100",30095875,6.51271000000006e+21,"Mortgage",23,1120327.75,1120327.75,1120327.75,0.35,0.45,0.032,4
"542","<= 100",30102723,6.51217000000006e+21,"Mortgage",23,1222884.03,1222884.03,1222884.03,0.35,0.45,0.032,4
"543","<= 100",30250749,6.50030000000006e+21,"Mortgage",30,1590347.89,1590347.89,1590347.89,0.35,0.45,0.032,4
"544","<= 100",30283736,6.50030000000006e+21,"Mortgage",30,1590347.89,1590347.89,1590347.89,0.35,0.45,0.032,4
"545","<= 100",30283855,6.50030000000006e+21,"Mortgage",30,1590347.89,1590347.89,1590347.89,0.35,0.45,0.032,4
"546","<= 100",30355400,6.51359000000002e+21,"Consumer Loan",23,54658.64,54658.64,54658.64,0.35,0.45,0.032,4
"547","<= 100",30383307,6.50077000000006e+21,"Mortgage",30,130753.75,130753.75,130753.75,0.35,0.45,0.032,4
"548","<= 100",30484022,6.59999458074119e+21,"Credit Card",20,2179.46,2179.46,2179.46,0.35,0.45,0.032,4
"549","<= 100",30504902,6.50001000000002e+21,"Consumer Loan",50,55587.19,55587.19,55587.19,0.35,0.45,0.032,4
"550","<= 100",30514388,6.50074e+21,"Consumer Loan",30,50764.15,50764.15,50764.15,0.35,0.45,0.032,4
"551","<= 100",30547334,6.50012000000006e+21,"Mortgage",30,77098.24,77098.24,77098.24,0.35,0.45,0.032,4
"552","<= 100",30565359,6.51085000000002e+21,"Consumer Loan",30,81114.03,81114.03,81114.03,0.35,0.45,0.032,4
"553","<= 100",30593077,6.50066000000002e+21,"Consumer Loan",23,309035.54,309035.54,309035.54,0.35,0.45,0.032,4
"554","<= 100",30612861,6.51093000000006e+21,"Mortgage",30,4502395.18,4502395.18,4502395.18,0.35,0.45,0.032,4
"555","<= 100",30639000,6.51195000000002e+21,"Consumer Loan",30,170465.93,170465.93,170465.93,0.35,0.45,0.032,4
"556","<= 100",30703794,6.51327000000006e+21,"Mortgage",30,1356889.75,1356889.75,1356889.75,0.35,0.45,0.032,4
"557","<= 100",30708540,6.51143000011431e+21,"Lease",30,366028.95,366028.95,366028.95,0.35,0.45,0.032,4
"558","<= 100",30725119,6.51171000000006e+21,"Mortgage",23,777315.91,777315.91,777315.91,0.35,0.45,0.032,4
"559","<= 100",30733987,6.50019e+21,"Consumer Loan",30,110342.47,110342.47,110342.47,0.35,0.45,0.032,4
"560","<= 100",30733987,6.50019e+21,"Consumer Loan",30,291096.43,291096.43,291096.43,0.35,0.45,0.032,4
"561","<= 100",30733987,6.50019e+21,"Consumer Loan",30,380075.59,380075.59,380075.59,0.35,0.45,0.032,4
"562","<= 100",30733987,6.50019e+21,"Consumer Loan",30,380351.28,380351.28,380351.28,0.35,0.45,0.032,4
"563","<= 100",30740722,6.50166000001661e+21,"Lease",20,520133.2,520133.2,520133.2,0.35,0.45,0.032,4
"564","<= 100",30748321,6.50031000000006e+21,"Mortgage",23,35002.92,35002.92,35002.92,0.35,0.45,0.032,4
"565","<= 100",30748321,6.50031000000311e+21,"Lease",20,88903.23,88903.23,88903.23,0.35,0.45,0.032,4
"566","<= 100",30807778,6.51196e+21,"Consumer Loan",30,756791.48,756791.48,756791.48,0.35,0.45,0.032,4
"567","<= 100",30830508,6.51033e+21,"Consumer Loan",30,22095.05,22095.05,22095.05,0.35,0.45,0.032,4
"568","<= 100",30830508,6.51033000000002e+21,"Consumer Loan",30,341861.38,341861.38,341861.38,0.35,0.45,0.032,4
"569","<= 100",31128998,6.50148000000002e+21,"Consumer Loan",30,103016.89,103016.89,103016.89,0.35,0.45,0.032,4
"570","<= 100",31466419,6.59999458075154e+21,"Credit Card",23,134.66,4600,4600,0.35,0.45,0.032,4
"571","<= 100",31466419,6.59999458075154e+21,"Credit Card",23,2496.16,7000,7000,0.35,0.45,0.032,4
"572","<= 100",31466419,6.59999458075154e+21,"Credit Card",23,125,5000,5000,0.35,0.45,0.032,4
"573","<= 100",31466419,6.59999458075154e+21,"Credit Card",23,1512.35,5600,5600,0.35,0.45,0.032,4
"574","<= 100",31466419,6.59999458075167e+21,"Credit Card",23,141.29,3000,3000,0.35,0.45,0.032,4
"575","<= 100",31466419,6.59999458075182e+21,"Credit Card",23,1251.37,5600,5600,0.35,0.45,0.032,4
"576","<= 100",31466419,6.59999458075186e+21,"Credit Card",23,70,3000,3000,0.35,0.45,0.032,4
"577","<= 100",31472532,6.50105000000002e+21,"Consumer Loan",23,378294.3,378294.3,378294.3,0.35,0.45,0.032,4
"578","<= 100",31472591,6.50105000000002e+21,"Consumer Loan",23,378243.4,378243.4,378243.4,0.35,0.45,0.032,4
"579","<= 100",31472982,6.50105000000002e+21,"Consumer Loan",23,378234.68,378234.68,378234.68,0.35,0.45,0.032,4
"580","<= 100",31473083,6.50105000000002e+21,"Consumer Loan",23,378294.3,378294.3,378294.3,0.35,0.45,0.032,4
"581","<= 100",31473121,6.50105000000002e+21,"Consumer Loan",23,378294.3,378294.3,378294.3,0.35,0.45,0.032,4
"582","<= 100",31473237,6.50105000000002e+21,"Consumer Loan",23,378294.3,378294.3,378294.3,0.35,0.45,0.032,4
"583","<= 100",31473261,6.50105000000002e+21,"Consumer Loan",23,378294.3,378294.3,378294.3,0.35,0.45,0.032,4
"584","<= 100",31473300,6.50105000000002e+21,"Consumer Loan",23,378294.3,378294.3,378294.3,0.35,0.45,0.032,4
"585","<= 100",31473342,6.50105000000002e+21,"Consumer Loan",23,378294.3,378294.3,378294.3,0.35,0.45,0.032,4
"586","<= 100",31473431,6.50105000000002e+21,"Consumer Loan",23,378294.3,378294.3,378294.3,0.35,0.45,0.032,4
"587","<= 100",31473466,6.50105000000002e+21,"Consumer Loan",23,378294.3,378294.3,378294.3,0.35,0.45,0.032,4
"588","<= 100",31474578,6.50105000000002e+21,"Consumer Loan",23,378294.3,378294.3,378294.3,0.35,0.45,0.032,4
"589","<= 100",31474624,6.50105000000002e+21,"Consumer Loan",23,378294.3,378294.3,378294.3,0.35,0.45,0.032,4
"590","<= 100",31474632,6.50105000000002e+21,"Consumer Loan",23,378294.3,378294.3,378294.3,0.35,0.45,0.032,4
"591","<= 100",31474683,6.50105000000002e+21,"Consumer Loan",23,379000.55,379000.55,379000.55,0.35,0.45,0.032,4
"592","<= 100",31474705,6.50105000000002e+21,"Consumer Loan",23,378294.3,378294.3,378294.3,0.35,0.45,0.032,4
"593","<= 100",31474721,6.50105000000002e+21,"Consumer Loan",23,378294.3,378294.3,378294.3,0.35,0.45,0.032,4
"594","<= 100",31474888,6.50105000000002e+21,"Consumer Loan",23,378294.3,378294.3,378294.3,0.35,0.45,0.032,4
"595","<= 100",31475434,6.50105000000002e+21,"Consumer Loan",23,378294.3,378294.3,378294.3,0.35,0.45,0.032,4
"596","<= 100",31479286,6.50308000000002e+21,"Consumer Loan",30,9867.22,9867.22,9867.22,0.35,0.45,0.032,4
"597","<= 100",31480098,6.50313000000002e+21,"Consumer Loan",30,122469.81,122469.81,122469.81,0.35,0.45,0.032,4
"598","<= 100",31495389,6.50121000001211e+21,"Lease",23,414956.9,414956.9,414956.9,0.35,0.45,0.032,4
"599","<= 100",31495710,6.50121000001211e+21,"Lease",23,414956.9,414956.9,414956.9,0.35,0.45,0.032,4
"600","(100, 250]",31552799,6.50016e+21,"Consumer Loan",30,485523.18,485523.18,485523.18,0.3,0.4,0.064,4
"602","<= 100",31668607,6.50258000000002e+21,"Consumer Loan",23,31747.47,31747.47,31747.47,0.35,0.45,0.032,4
"603","<= 100",31668607,6.50258000002581e+21,"Lease",23,468831.07,468831.07,468831.07,0.35,0.45,0.032,4
"604","<= 100",31668607,6.59999458075117e+21,"Credit Card",23,751.84,3000,3000,0.35,0.45,0.032,4
"605","(100, 250]",31674933,6.50134000000006e+21,"Mortgage",23,1383441.58,1383441.58,1383441.58,0.3,0.4,0.064,4
"606","<= 100",31766498,6.50031000000311e+21,"Lease",23,340785.48,340785.48,340785.48,0.35,0.45,0.032,4
"607","<= 100",31766498,6.50031000000311e+21,"Lease",23,207511.76,207511.76,207511.76,0.35,0.45,0.032,4
"608","<= 100",31766498,6.50031000000311e+21,"Lease",23,16481.62,16481.62,16481.62,0.35,0.45,0.032,4
"609","<= 100",31766498,6.50031000000311e+21,"Lease",23,16057.26,16057.26,16057.26,0.35,0.45,0.032,4
"610","<= 100",31787266,6.51084000000002e+21,"Consumer Loan",30,146728.52,146728.52,146728.52,0.35,0.45,0.032,4
"611","<= 100",31854176,6.50034000000002e+21,"Consumer Loan",30,5891.55,5891.55,5891.55,0.35,0.45,0.032,4
"612","<= 100",31958281,6.51256000000006e+21,"Mortgage",20,161689.92,161689.92,161689.92,0.35,0.45,0.032,4
"613","<= 100",31978388,6.50067000000006e+21,"Mortgage",23,2695816.39,2695816.39,2695816.39,0.35,0.45,0.032,4
"614","<= 100",32069944,6.51382000000002e+21,"Consumer Loan",23,9878.67,9878.67,9878.67,0.35,0.45,0.032,4
"615","<= 100",32079370,6.50037000000006e+21,"Mortgage",20,200896.93,200896.93,200896.93,0.35,0.45,0.032,4
"616","<= 100",32163193,6.50041000000006e+21,"Mortgage",23,2244424.12,2244424.12,2244424.12,0.35,0.45,0.032,4
"617","<= 100",32166214,6.50067000000001e+21,"Consumer Loan",23,67260.72,71283.02,71283.02,0.35,0.45,0.032,4
"618","<= 100",32166214,6.50067000000671e+21,"Lease",23,199834.66,199834.66,199834.66,0.35,0.45,0.032,4
"619","<= 100",32264477,6.51165000011651e+21,"Lease",30,8803.94,8803.94,8803.94,0.35,0.45,0.032,4
"620","<= 100",32264488,6.50169e+21,"Consumer Loan",20,109093.43,109093.43,109093.43,0.35,0.45,0.032,4
"621","<= 100",32360703,6.50313000000006e+21,"Mortgage",23,442379.75,442379.75,442379.75,0.35,0.45,0.032,4
"622","<= 100",32461909,6.51359000000002e+21,"Consumer Loan",23,152763.9,152763.9,152763.9,0.35,0.45,0.032,4
"623","<= 100",32656823,6.51502000000006e+21,"Mortgage",30,28169.43,28169.43,28169.43,0.35,0.45,0.032,4
"624","<= 100",32679033,6.51556000000002e+21,"Consumer Loan",20,335527.63,335527.63,335527.63,0.35,0.45,0.032,4
"625","<= 100",32692161,6.50032000000321e+21,"Lease",23,390949.43,390949.43,390949.43,0.35,0.45,0.032,4
"626","<= 100",32692161,6.50032000000321e+21,"Lease",23,403296.74,403296.74,403296.74,0.35,0.45,0.032,4
"627","<= 100",32692161,6.50032000000321e+21,"Lease",23,396527.38,396527.38,396527.38,0.35,0.45,0.032,4
"628","<= 100",32692161,6.50032000000321e+21,"Lease",23,427379.36,427379.36,427379.36,0.35,0.45,0.032,4
"629","<= 100",32705328,6.51507000015071e+21,"Lease",20,12925.98,12925.98,12925.98,0.35,0.45,0.032,4
"630","<= 100",32718322,6.50328000000006e+21,"Mortgage",30,163607.93,163607.93,163607.93,0.35,0.45,0.032,4
"631","<= 100",32751966,6.51354000000002e+21,"Consumer Loan",23,120512.73,120512.73,120512.73,0.35,0.45,0.032,4
"632","<= 100",32763727,6.51067000010671e+21,"Lease",23,243001.2,243001.2,243001.2,0.35,0.45,0.032,4
"633","<= 100",32788827,6.51192000000002e+21,"Consumer Loan",23,6969071.92,6969071.92,6969071.92,0.35,0.45,0.032,4
"634","<= 100",32961707,6.50315000000002e+21,"Consumer Loan",23,37478.38,37478.38,37478.38,0.35,0.45,0.032,4
"635","<= 100",33203172,6.50032000000002e+21,"Consumer Loan",30,287178.17,287178.17,287178.17,0.35,0.45,0.032,4
"636","<= 100",33256241,6.51218000012181e+21,"Lease",20,371819.9,371819.9,371819.9,0.35,0.45,0.032,4
"637","<= 100",33256241,6.51218000012181e+21,"Lease",20,375760.1,375760.1,375760.1,0.35,0.45,0.032,4
"638","<= 100",33256373,6.51218000012181e+21,"Lease",20,375017.08,375017.08,375017.08,0.35,0.45,0.032,4
"639","<= 100",33256373,6.51218000012181e+21,"Lease",20,375242.62,375242.62,375242.62,0.35,0.45,0.032,4
"640","<= 100",33266948,6.51163000000006e+21,"Mortgage",30,333781.67,333781.67,333781.67,0.35,0.45,0.032,4
"641","<= 100",33273464,6.51218000012181e+21,"Lease",23,336405.36,336405.36,336405.36,0.35,0.45,0.032,4
"642","<= 100",33273464,6.51218000012181e+21,"Lease",23,333007.25,333007.25,333007.25,0.35,0.45,0.032,4
"643","<= 100",33273561,6.51218000012181e+21,"Lease",23,336405.36,336405.36,336405.36,0.35,0.45,0.032,4
"644","<= 100",33273561,6.51218000012181e+21,"Lease",23,333074.38,333074.38,333074.38,0.35,0.45,0.032,4
"645","<= 100",33278040,6.51518000000006e+21,"Mortgage",30,162436.08,162436.08,162436.08,0.35,0.45,0.032,4
"646","<= 100",33278040,6.51518000000006e+21,"Mortgage",30,276676.91,276676.91,276676.91,0.35,0.45,0.032,4
"647","<= 100",33330328,6.50011000000002e+21,"Consumer Loan",23,193962.72,193962.72,193962.72,0.35,0.45,0.032,4
"648","<= 100",33386344,6.50032000000002e+21,"Consumer Loan",23,1291864.59,1291864.59,1291864.59,0.35,0.45,0.032,4
"649","<= 100",33424357,6.51555000000002e+21,"Consumer Loan",23,13561.01,13561.01,13561.01,0.35,0.45,0.032,4
"650","<= 100",33616248,6.51192000000006e+21,"Mortgage",23,1218023.2,1218023.2,1218023.2,0.35,0.45,0.032,4
"651","<= 100",33847886,6.59999458074122e+21,"Credit Card",20,45,45,45,0.35,0.45,0.032,4
"652","<= 100",33862923,6.51535000015351e+21,"Lease",23,362744.29,362744.29,362744.29,0.35,0.45,0.032,4
"653","<= 100",33980136,6.50031e+21,"Consumer Loan",30,432006.37,432006.37,432006.37,0.35,0.45,0.032,4
"654","<= 100",33980136,6.50031000000311e+21,"Lease",30,148385.42,148385.42,148385.42,0.35,0.45,0.032,4
"655","<= 100",33980136,6.50031000000311e+21,"Lease",30,10896.45,10896.45,10896.45,0.35,0.45,0.032,4
"656","<= 100",33980136,6.50031000000311e+21,"Lease",30,80386.98,80386.98,80386.98,0.35,0.45,0.032,4
"657","<= 100",33980136,6.50031000000311e+21,"Lease",30,28097.29,28097.29,28097.29,0.35,0.45,0.032,4
"658","<= 100",33980136,6.50031000000311e+21,"Lease",30,212768.68,212768.68,212768.68,0.35,0.45,0.032,4
"659","<= 100",33980136,6.50031000000311e+21,"Lease",30,319181.38,319181.38,319181.38,0.35,0.45,0.032,4
"660","<= 100",35474297,6.501e+21,"Consumer Loan",23,106971.8,108254.61,108254.61,0.35,0.45,0.032,4
"661","<= 100",35528729,6.50053000000006e+21,"Mortgage",23,154656.41,154656.41,154656.41,0.35,0.45,0.032,4
"662","<= 100",35644621,6.50031000000002e+21,"Consumer Loan",20,172308.87,172308.87,172308.87,0.35,0.45,0.032,4
"663","<= 100",35729597,6.50180000000002e+21,"Consumer Loan",30,5556.03,5556.03,5556.03,0.35,0.45,0.032,4
"664","<= 100",35850868,6.5999945060813e+21,"Credit Card",50,3451.27,3451.27,3451.27,0.35,0.45,0.032,4
"665","<= 100",35882220,6.51166000000006e+21,"Mortgage",30,213384.43,213384.43,213384.43,0.35,0.45,0.032,4
"666","<= 100",35910550,6.51169000011691e+21,"Lease",23,186856.34,186856.34,186856.34,0.35,0.45,0.032,4
"667","<= 100",35911786,6.51169000011691e+21,"Lease",23,186856.34,186856.34,186856.34,0.35,0.45,0.032,4
"668","<= 100",35912820,6.51169000011691e+21,"Lease",23,186856.34,186856.34,186856.34,0.35,0.45,0.032,4
"669","<= 100",35912995,6.51169000011691e+21,"Lease",23,186856.34,186856.34,186856.34,0.35,0.45,0.032,4
"670","<= 100",35913045,6.51169000011691e+21,"Lease",23,186856.34,186856.34,186856.34,0.35,0.45,0.032,4
"671","<= 100",35913401,6.51169000011691e+21,"Lease",23,186856.34,186856.34,186856.34,0.35,0.45,0.032,4
"672","<= 100",35913584,6.51169000011691e+21,"Lease",23,186856.34,186856.34,186856.34,0.35,0.45,0.032,4
"673","<= 100",35913762,6.51169000011691e+21,"Lease",23,186856.34,186856.34,186856.34,0.35,0.45,0.032,4
"674","<= 100",35913851,6.51169000011691e+21,"Lease",23,186856.34,186856.34,186856.34,0.35,0.45,0.032,4
"675","<= 100",35914025,6.51169000011691e+21,"Lease",23,233575.55,233575.55,233575.55,0.35,0.45,0.032,4
"676","<= 100",36123323,6.51102000000006e+21,"Mortgage",30,727689.5,727689.5,727689.5,0.35,0.45,0.032,4
"677","<= 100",36308293,6.51593000000002e+21,"Consumer Loan",30,80469.75,80469.75,80469.75,0.35,0.45,0.032,4
"678","<= 100",37217496,6.51075000000006e+21,"Mortgage",50,131090.01,131090.01,131090.01,0.35,0.45,0.032,4
"679","<= 100",37706861,6.51203000000006e+21,"Mortgage",30,290151.69,290151.69,290151.69,0.35,0.45,0.032,4
"680","<= 100",38267950,6.50039000000002e+21,"Consumer Loan",20,367592.29,367592.29,367592.29,0.35,0.45,0.032,4
"681","<= 100",44858396,6.50121000001211e+21,"Lease",23,414923.88,414923.88,414923.88,0.35,0.45,0.032,4
"682","<= 100",44858647,6.50121000001211e+21,"Lease",23,414923.88,414923.88,414923.88,0.35,0.45,0.032,4
"683","<= 100",44859724,6.50121000001211e+21,"Lease",23,414923.88,414923.88,414923.88,0.35,0.45,0.032,4
"684","<= 100",44866542,6.50121000001211e+21,"Lease",23,414923.88,414923.88,414923.88,0.35,0.45,0.032,4
"685","<= 100",44866569,6.50121000001211e+21,"Lease",23,414923.88,414923.88,414923.88,0.35,0.45,0.032,4
"686","<= 100",44870248,6.50121000001211e+21,"Lease",23,414923.88,414923.88,414923.88,0.35,0.45,0.032,4
"687","<= 100",45532397,6.50145000000002e+21,"Consumer Loan",30,3325134.61,3325134.61,3325134.61,0.35,0.45,0.032,4
